Date,code,name,market,industry,ticker,Close,MA20,MA60,RSI14,prob_up,pred_return,pred_price,signal,setup_quality
2026-09-30,8227,巨有科技,TPEX,Semiconductor,8227.TWO,370.5,242.7,184.825,92.23946784922394,0.722791850566864,0.06869455296546222,395.95133187370374,STRONG BUY,High-conviction setup
2026-09-30,6957,裕慶-KY,TWSE,其他業,6957.TW,371.0,259.05,231.82827173868816,93.78531073446328,0.7023344039916992,0.05981206241995097,393.1902751578018,STRONG BUY,High-conviction setup
2026-09-30,4174,浩鼎,TPEX,Other,4174.TWO,39.20000076293945,28.04250011444092,27.38916670481364,87.0786633640238,0.7000146508216858,0.05866972301155329,41.49985394975379,STRONG BUY,High-conviction setup
2026-09-30,3518,柏騰,TWSE,Electronics,3518.TW,41.09999847412109,31.667500019073486,28.987500000000004,92.55319508704751,0.6894783973693848,0.05131670013070107,43.20911477118983,STRONG BUY,High-conviction setup
2026-09-30,6225,天瀚,TWSE,Electronics,6225.TW,60.900001525878906,60.39000072479248,42.731704775492354,49.47183235749621,0.7130511999130249,0.049351323395967484,63.90549719599747,BUY,Valid buy setup
2026-09-30,2020,美亞,TWSE,Other,2020.TW,26.700000762939453,22.039999961853027,21.615000184377035,88.28127561137997,0.6587656140327454,0.044715639576315885,27.893908373742416,BUY,Valid buy setup
2026-09-30,6532,瑞耘,TPEX,Semiconductor,6532.TWO,118.5,98.52500038146972,85.02333386739095,74.75960537703409,0.6255714893341064,0.0389315027743578,123.11338307876139,BUY,Valid buy setup
2026-09-30,6405,悅城,TWSE,Electronics,6405.TW,50.09999847412109,40.64749965667725,41.45333334604899,81.54268866566312,0.7102023959159851,0.06391845736652613,53.30231309065222,WATCH,High-conviction setup
2026-09-30,8027,鈦昇,TPEX,Other,8027.TWO,222.0,180.475,187.84166666666667,76.47058823529412,0.7113457918167114,0.05493601262569428,234.19579480290415,WATCH,High-conviction setup
2026-09-30,3615,安可,TPEX,Electronics,3615.TWO,45.79999923706055,36.82750015258789,38.01038935979207,78.9173736536346,0.6512929797172546,0.050226316787302494,48.100364507599366,WATCH,High-conviction setup
